Name,Email,Relationship Status
Joseph Cummings,abigailrangel@example.org,coworker
Timothy Newman,cfuller@example.net,family
Ashley Wilson,coltonshaw@example.com,family
Ronald Caldwell,saundersnoah@example.org,friend
Terri Russell,tallison@example.org,ex-partner
Jennifer Price,thomaswilliams@example.com,ex-partner
Charles Thompson,brownbrett@example.org,ex-partner
Joshua Howell,rhondahughes@example.org,family
Ashley Graham,erodriguez@example.org,ex-partner
Christopher Henderson,lamjames@example.com,coworker
Victoria Black,xjohnson@example.org,coworker
Amanda Black,halljennifer@example.com,coworker
Maria Hayes,dhenry@example.com,coworker
Marcus Rubio,haasalexander@example.org,family
Sarah Lucas,nandrews@example.net,friend
Suzanne Pittman,ronnieclark@example.org,friend
Jennifer Rivera,michelle12@example.org,friend
Christopher Clark,jwu@example.net,coworker
Brian Stephenson,josephcastaneda@example.org,ex-partner
Cindy Gardner,bowersjessica@example.com,coworker
Kathryn Kelley,kaylamay@example.com,family
Cody Edwards,palmertracy@example.com,family
Lindsay Smith,susanwatkins@example.org,friend
Stephen Mathis,jessica21@example.net,friend
Alex Bell,andradegary@example.com,ex-partner
Kathleen Higgins,robert53@example.com,family
Matthew Douglas,bdelacruz@example.net,ex-partner
Eric Humphrey,greenjoshua@example.net,coworker
Dr. Timothy Hess,vincentwatson@example.com,friend
Joshua Williams,collin44@example.org,coworker
Tyler Berry,harrisjeffrey@example.net,ex-partner
Megan Carpenter,adorsey@example.net,family
Jennifer Collins,vhernandez@example.net,friend
Deborah Graves,foxcharles@example.org,family
Misty Stafford,william59@example.com,family
Tammy Larson,ctanner@example.net,ex-partner
George Zimmerman,calderonerin@example.org,family
Charles Hull,pricekeith@example.com,family
Peter Long,ununez@example.org,family
Anthony Wagner,xrhodes@example.net,coworker
Thomas Rogers,lisa37@example.org,coworker
Dr. Latasha Adams PhD,anthonywelch@example.org,coworker
Tara Mills,danielle62@example.org,ex-partner
Erica Lopez,debrajackson@example.net,ex-partner
Emily Baker,lamabigail@example.com,family
John Olson,rogerseric@example.net,friend
Veronica Solomon,fsanchez@example.com,family
Daniel Davis,thomas23@example.com,coworker
Sherri Cruz,icummings@example.org,family
Patricia Hudson,bclark@example.org,ex-partner
Taylor Wheeler,reidjamie@example.org,friend
Matthew Garcia,carlawright@example.net,family
Lynn Rose,jerry62@example.net,friend
Kristen Hughes,shawkenneth@example.org,family
Maria Lewis,zlee@example.com,family
Stephanie White,tiffanyjimenez@example.com,friend
Timothy Barnett,williamsrobin@example.net,ex-partner
Tiffany Miller,kmathews@example.com,ex-partner
Jacqueline Phillips MD,harmonerik@example.net,family
Harold Thomas,alicia47@example.net,family
Matthew Parker,barbara32@example.com,ex-partner
Sharon Roberts,ericataylor@example.net,ex-partner
Monica Lopez,glenda56@example.net,coworker
Karla Walter,james11@example.org,friend
James Contreras,etownsend@example.net,ex-partner
Alexander Figueroa,uandrews@example.net,ex-partner
Justin Davis,lholmes@example.org,coworker
Andrea Sullivan,archerteresa@example.net,ex-partner
Stacy Snyder,utaylor@example.org,ex-partner
Elizabeth Tapia,kyle97@example.net,friend
Kristina Knight,ashleymorgan@example.org,coworker
Martin Holland,natalie81@example.com,coworker
Emily Fitzpatrick,robertgalvan@example.net,friend
Crystal Ortiz,stephanie23@example.org,ex-partner
Melanie Trevino,msmith@example.com,ex-partner
Natasha Velez,rbennett@example.net,friend
Christopher Gutierrez,brandoncosta@example.com,coworker
Jenna Moore,qmullins@example.net,coworker
Lauren Moreno,joelmaynard@example.org,friend
Mary Ellis,cflores@example.org,family
Mark Anderson,glee@example.org,coworker
Marcus Wells,austincollins@example.org,ex-partner
Randy Smith PhD,williamsmichael@example.com,ex-partner
Kelly Miller,figueroalauren@example.org,ex-partner
Shannon Turner,mwheeler@example.org,family
Daniel Underwood,knightjohn@example.net,coworker
Robert Beck,christopher29@example.com,friend
Gregory Thomas,hernandezrebecca@example.net,coworker
Thomas Odonnell,gentryamber@example.org,friend
Cynthia Ortega,jasonkennedy@example.net,ex-partner
Gary Martin,shelleyromero@example.net,friend
Logan Payne,ptaylor@example.org,coworker
Dennis Nguyen,ryan64@example.com,coworker
Elizabeth Walker,jordanhutchinson@example.com,family
David Velasquez,crystal91@example.org,friend
David Campbell,floresallison@example.net,coworker
Matthew Richardson,martintravis@example.net,ex-partner
Cristian Perez,dalton11@example.com,friend
Annette Gray,kimberlywalsh@example.net,ex-partner
Sandra Mason,liukelly@example.org,coworker
Robert Hawkins,gpena@example.com,
Elizabeth Dickerson,tedwards@example.org,
Patricia Harper,candicepitts@example.com,
Mrs. Julie Doyle DDS,pauljackson@example.com,
Kari Baker,alex90@example.com,
Melissa Hines,jennifer84@example.net,
Kimberly Friedman,nbean@example.net,
Teresa Day,rtucker@example.com,
Daniel Ray,david24@example.net,
Mrs. Lori Hoffman,lisaross@example.net,
Alexis Ferguson,cbartlett@example.org,
Melissa Miller,millerjessica@example.org,
Amy Ho,tmeza@example.org,
Susan Jenkins,maynardalicia@example.net,
Amanda Cortez,brittany70@example.net,
Charles Bowen,jerry36@example.org,
Carmen Cook,qedwards@example.org,
Regina Franco,patricia09@example.net,
Levi Moore,brownseth@example.com,
David Brown DDS,elizabeth53@example.org,
Charles Stevenson,mharrison@example.com,
Carol Hamilton,lisahuerta@example.net,
Keith Perez,paul23@example.com,
Francisco Carter,michelelynch@example.com,
Tasha Willis,ashley77@example.org,
Crystal Moreno,hernandezjustin@example.org,
Brian Smith,jchen@example.net,
Joseph Chavez,bjimenez@example.org,
Cassandra Howard,brandy33@example.org,
Ashlee Walker,barbarasmith@example.com,
Diane Duran,heathertorres@example.net,
Brianna Schmidt,nguyenandrew@example.com,
Michael Church,erinwells@example.net,
Kelly Miller,courtney36@example.org,
Tina Rivera,jennifer29@example.org,
Rachael Hunt,michaelfuentes@example.com,
Elizabeth Gonzalez,angela39@example.com,
James Jones,pcampbell@example.net,
Mr. Joseph Myers,garciarebecca@example.com,
Christina Sandoval,ashley11@example.com,
Ashley Parrish,jessekelly@example.org,
James Hart,martinheather@example.net,
Samantha Mercado,ponceelizabeth@example.org,
Christopher Rojas,dstokes@example.net,
Debra Brandt,shannondavis@example.org,
Sheila Nguyen,lshepherd@example.org,
Jennifer Orr,asmith@example.org,
Matthew Brady,angelawallace@example.org,
Jordan Lopez,vwhitaker@example.com,
Kristin Watts,andersoncourtney@example.com,
Krista Wade,icollins@example.com,
Christine Elliott,johnrichardson@example.org,
Crystal Russell,lopezbob@example.com,
Daniel Brown,ucobb@example.org,
Lynn Miller,jrichardson@example.net,
Mrs. Emily Green MD,llewis@example.com,
William Garcia,brenda37@example.net,
Shelby Price,davisstephen@example.net,
Brenda Edwards,kgarcia@example.net,
Victoria Johnson,tranmanuel@example.com,
Matthew Hayes,terrygalvan@example.org,
Jacob Adams,andraderebecca@example.com,
Kyle Todd,george99@example.com,
Mr. Anthony Bowers MD,eowens@example.org,
Kathryn Freeman,bhudson@example.com,
Karen Medina,juanstewart@example.net,
Kristen Moore,sara94@example.com,
Dennis Gonzalez,kingsarah@example.com,
Isaiah Robinson,sara14@example.org,
Christina Thomas,ygarcia@example.net,
Cheryl Bishop,vellis@example.org,
Christina Tran,herreradavid@example.com,
Thomas Compton,wbutler@example.net,
Danielle Taylor,parsonsdean@example.com,
Isaac Davis,kimberly04@example.com,
Amber Walton,sparkskristi@example.org,
Olivia Moore,williamsoncarlos@example.com,
Melanie Gay,maxwellpeter@example.com,
Brandon Wilson,alicia69@example.com,
Jordan Smith,ryan74@example.org,
Laurie Mcbride,cgarrett@example.net,
Mariah Brock,jackpeterson@example.net,
Victoria Hernandez,nicole12@example.com,
Leslie Wyatt,wstephens@example.com,
Tommy Singleton,sotojose@example.com,
James Roy,warrenjennifer@example.net,
Jennifer Lin,eric53@example.com,
Ariel Weaver,qthompson@example.net,
Joshua Tran,vincent80@example.org,
Brandon Kelly,moorealexander@example.net,
Timothy Zavala,chelsea33@example.net,
Jacob Sanchez,brownmelissa@example.org,
Eric Davis,richard85@example.org,
Vincent Turner,wmason@example.com,
Glenn Romero,jonesjessica@example.net,
Michelle Lewis,gallegoslorraine@example.net,
Julia Foster,jenniferfrank@example.net,
Selena Gentry,vharris@example.net,
Alicia Moore,jennifermejia@example.net,
Jose Estrada DDS,elizabethsullivan@example.org,
